species,mass,molecular_weight,GC_content,cytb_dna_sequence,Protein_sequence
Aptenodytes forsteri,28.0,42459.602100000004,0.48381452318460194,ATGGCCCCAAATCTCCGAAAATCCCATCCCCTCCTAAAAATAATTAATAACTCCCTAATCGACCTGCCCACCCCATCAAACATCTCTGCCTGATGAAACTTCGGATCTCTCCTAGGCATCTGCCTAACTACACAAATTTTAACCGGCCTCCTACTAGCTATACACTACACTGCAGACACAACCCTAGCCTTCTCCTCAGTCGCCCACACATGCCGAAACGTACAGTACGGCTGACTGATCCGCAACCTACATGCAAACGGAGCATCATTCTTCTTCATCTGCATCTATCTCCACATTGGCCGTGGATTTTACTATGGCTCCTATCTATACAAAGAAACCTGAAACACAGGCATTATCCTCCTACTCACCCTCATGGCAACCGCCTTCGTAGGCTACGTCCTACCATGAGGACAAATATCTTTCTGAGGAGCCACAGTCATTACCAACTTATTCTCAGCCATCCCTTACATTGGCCAAACCCTCGTAGAATGGACCTGAGGTGGCTTTTCAGTAGACAACCCCACATTAACCCGATTTTTCGCACTACACTTCCTCCTTCCCTTCATAATCGCAGGCCTCACCCTCATCCACCTCACCTTCCTCCACGAATCAGGCTCAAATAACCCACTGGGCATCGTAGCTAACTCCGATAAAATCCCATTCCACCCCTACTACTCCACAAAAGACATCCTAGGATTCGCACTCATACTTCTCCCACTAACAACCCTTGCCCTATTCTCCCCCAACCTACTAGGAGACCCAGAAAACTTCACCCCAGCAAACCCACTAGTCACACCCCCACACATCAAACCAGAATGATACTTCCTATTTGCATACGCTATCCTACGCTCAATCCCCAACAAACTAGGAGGAGTCCTTGCCCTAGCAGCATCCGTGCTAATCCTATTCCTAATCCCTCTCCTCCACAAATCCAAGCAACGCACAATAGCTTTCCGCCCTCTCTCCCAACTCCTATTCTGAGCCCTAGTAGCCAATCTCATTATCCTAACATGAGTAGGTAGCCAACCAGTAGAACACCCCTTCATCATCATCGGCCAACTAGCCTCCCTCACTTACTTCACCACCCTCCTGATCCTCTTCCCCATTGCTGGGGCCCTAGAAAACAAAATACTCAACCATTAA,MAPNLRKSHPLLKMINNSLIDLPTPSNISAWWNFGSLLGICLTTQILTGLLLAMHYTADTTLAFSSVAHTCRNVQYGWLIRNLHANGASFFFICIYLHIGRGFYYGSYLYKETWNTGIILLLTLMATAFVGYVLPWGQMSFWGATVITNLFSAIPYIGQTLVEWTWGGFSVDNPTLTRFFALHFLLPFMIAGLTLIHLTFLHESGSNNPLGIVANSDKIPFHPYYSTKDILGFALMLLPLTTLALFSPNLLGDPENFTPANPLVTPPHIKPEWYFLFAYAILRSIPNKLGGVLALAASVLILFLIPLLHKSKQRTMAFRPLSQLLFWALVANLIILTWVGSQPVEHPFIIIGQLASLTYFTTLLILFPIAGALENKMLNH
Aptenodytes patagonicus,13.4,42563.70669999999,0.4969378827646544,ATGGCCCCAAACCTCCGAAAATCCCATCCTCTCCTAAAAATAATTAATAACTCCCTAATCGACCTGCCCACCCCATCAAACATCTCTGCCTGATGAAACTTCGGATCTCTCCTAGGCATCTGCCTAACTACACAAATCTTAACCGGCCTCCTACTAGCTATACACTACACTGCAGACACAACCCTGGCCTTCTCCTCAGTCGCCCACACATGCCGAAATGTACAGTACGGCTGACTAATCCGCAACCTACATGCAAACGGAGCATCATTCTTTTTCATCTGCATCTACCTCCACATCGGCCGTGGATTTTACTACGGCTCCTACCTATACAAAGAAACCTGAAACACGGGCATCATTCTCCTACTCACACTCATAGCAACCGCCTTCGTAGGCTACGTCCTGCCATGGGGACAAATATCATTCTGAGGGGCCACAGTCATTACCAACTTATTCTCAGCCATCCCCTACATCGGCCAAACCCTCGTAGAATGAGCCTGAGGTGGCTTTTCAGTAGACAACCCCACATTAACCCGATTTTTCGCACTACACTTCCTCCTCCCCTTCATAATCGCAGGCCTCACCCTCATCCATCTCACCTTCCTCCACGAATCAGGCTCAAACAACCCACTGGGCATCGTAGCTAACTCCGATAAGATCCCATTCCATCCCTACTACTCCACAAAAGACACCCTAGGATTCGCACTCATACTTCTCCCACTAACAACCCTCGCCCTATTCTCCCCCAACTTACTGGGGGACCCAGAAAACTTTACCCCAGCAAACCCACTAGTCACACCCCCACACATCAAACCAGAATGATACTTCCTATTTGCATACGCTATCCTACGCTCAATCCCCAACAAACTGGGGGGAGTCCTAGCCCTAGCAGCCTCAGTACTGATCCTATTCCTAATCCCCCTCCTCCACAAGTCCAAACAGCGTACAATAACCTTCCGTCCCCTCTCCCAGCTCCTATTCTGAACCTTAGTAGCCAACCTCACCATCCTAACATGGATCGGCAGCCAACCAGTAGAACACCCCTTCATCATCATCGGCCAACTAGCTTCCCTCACCTACTTCACCATCCTCCTAATCCTCTTCCCCCTCATCGGGACTCTAGAAAACAAGATACTTAACCACTAA,MAPNLRKSHPLLKMINNSLIDLPTPSNISAWWNFGSLLGICLTTQILTGLLLAMHYTADTTLAFSSVAHTCRNVQYGWLIRNLHANGASFFFICIYLHIGRGFYYGSYLYKETWNTGIILLLTLMATAFVGYVLPWGQMSFWGATVITNLFSAIPYIGQTLVEWAWGGFSVDNPTLTRFFALHFLLPFMIAGLTLIHLTFLHESGSNNPLGIVANSDKIPFHPYYSTKDTLGFALMLLPLTTLALFSPNLLGDPENFTPANPLVTPPHIKPEWYFLFAYAILRSIPNKLGGVLALAASVLILFLIPLLHKSKQRTMTFRPLSQLLFWTLVANLTILTWIGSQPVEHPFIIIGQLASLTYFTILLILFPLIGTLENKMLNH
Eudyptes chrysocome,2.8,42475.5753,0.5118110236220472,ATGGCCCCCAACCTCCGAAAATCCCACCCCCTCCTAAAAACAATCAATAACTCCCTAATCGACCTACCCACCCCATCAAACATCTCTGCCTGATGAAACTTCGGATCTCTCCTGGGCATCTGCCTAGCTACACAAATCCTAACCGGCCTCTTACTAGCTGCCCACTACACCGCAGACACCACCTTAGCCTTCTCCTCCGTCGCCCATACATGCCGAAATGTACAATACGGCTGATTAATCCGCAATCTACACGCAAACGGGGCCTCATTCTTCTTCATCTGCATCTACCTCCACATCGGTCGCGGACTCTACTACGGCTCCTACCTGTACAAAGAAACCTGAAACACAGGCATTATCCTCCTACTCACCCTCATAGCAACCGCCTTCGTAGGCTATGTCCTACCATGAGGTCAGATATCCTTCTGAGGGGCCACAGTCATCACCAACCTATTCTCAGCCATCCCCTACATCGGCCAAACCCTCGTAGAGTGGGCCTGAGGCGGCTTCTCAGTAGACAACCCCACACTAACCCGATTCTTCACACTACACTTCCTTCTCCCCTTCATAATCGCAGGCCTCACCTTAATCCACCTCACCTTCCTCCACGAATCAGGCTCAAACAACCCCCTAGGCATCGTAGCCAACTCCGACAAAATCCCATTCCACCCCTACTACTCTACAAAAGATATCCTAGGATTTATCCTCCTACTCCTTCCACTAACAACCCTTGCCCTATTCTCACCCAACTTGCTAGGAGACCCAGAAAACTTCACCCCAGCAAACCCCCTAGTCACACCCCCACATATCAAACCAGAGTGGTACTTCCTATTTGCATACGCTATCCTACGCTCAATCCCCAACAAACTGGGAGGAGTCCTAGCCCTAGCAGCATCAGTACTAATCCTGTTCCTAATCCCCCTCCTCCACAAATCCAAGCAGCGCACAATAACCTTCCGCCCCCTCTCCCAACTTCTATTCTGAACCCTAGTGGCCAACCTCACCATCCTAACATGAATCGGCAGCCAACCAGTAGAGCACCCCTTCATCATCATCGGCCAACTAGCCTCCCTTACCTACTTCACCATCCTCCTAATCCTCTTCCCCCTCATCGGGACCCTAGAAAACAAGATACTCAACCACTAA,MAPNLRKSHPLLKTINNSLIDLPTPSNISAWWNFGSLLGICLATQILTGLLLAAHYTADTTLAFSSVAHTCRNVQYGWLIRNLHANGASFFFICIYLHIGRGLYYGSYLYKETWNTGIILLLTLMATAFVGYVLPWGQMSFWGATVITNLFSAIPYIGQTLVEWAWGGFSVDNPTLTRFFTLHFLLPFMIAGLTLIHLTFLHESGSNNPLGIVANSDKIPFHPYYSTKDILGFILLLLPLTTLALFSPNLLGDPENFTPANPLVTPPHIKPEWYFLFAYAILRSIPNKLGGVLALAASVLILFLIPLLHKSKQRTMTFRPLSQLLFWTLVANLTILTWIGSQPVEHPFIIIGQLASLTYFTILLILFPLIGTLENKMLNH
Eudyptes chrysolophus,4.5,42445.54929999999,0.5091863517060368,ATGGCCCCCAACCTCCGAAAATCCCACCCCCTCCTAAAAACAATCAATAACTCCCTAATCGACCTACCCACTCCATCAAACATCTCCGCCTGATGAAACTTCGGATCTCTTCTGGGCATCTGCCTGGCCACACAAATCCTAACCGGCCTCTTACTGGCTGCCCACTACACCGCAGACACCACTCTAGCTTTCTCCTCCGTCGCCCATACATGCCGAAACGTACAATATGGCTGATTAATCCGCAATCTACACGCAAATGGAGCCTCATTCTTCTTCATCTGCATCTACCTTCACATCGGCCGCGGACTCTACTACGGCTCCTACCTGTACAAAGAAACCTGAAATACAGGCATTATCCTCCTGCTCACCCTCATAGCAACCGCCTTCGTAGGCTATGTCCTACCATGGGGCCAAATATCCTTCTGAGGGGCCACAGTCATCACCAACCTATTCTCAGCCATCCCCTATATCGGCCAAACCCTCGTAGAATGGGCCTGAGGCGGCTTCTCAGTAGACAACCCCACACTAACCCGATTCTTCACACTACACTTCCTTCTCCCCTTCATAATCGCAGGCCTCACCCTAATCCACCTCACCTTCCTCCACGAGTCAGGCTCAAACAACCCACTAGGCATCGTAGCCAACTCCGACAAAATCCCATTCCACCCCTACTACTCCACAAAAGATATCCTAGGATTTATCCTCCTACTCCTTCCACTAACAGCCCTTGCCCTATTCTCACCCAACTTGCTAGGAGACCCAGAAAACTTCACCCCAGCAAACCCCCTAGTCACACCCCCACATATCAAACCAGAATGATACTTCCTATTTGCATACGCTATCCTACGCTCAATCCCCAACAAACTGGGGGGAGTCCTAGCCCTAGCAGCCTCAGTACTGATCCTATTCCTAATCCCCCTCCTCCACAAGTCCAAACAGCGTACAATAACCTTCCGTCCCCTCTCCCAGCTCCTATTCTGAACCTTAGTAGCCAACCTCACCATCCTAACATGGATCGGCAGCCAACCAGTAGAACACCCCTTCATCATCATCGGCCAACTAGCTTCCCTCACCTACTTCACCATCCTCCTAATCCTCTTCCCCCTCATCGGGACTCTAGAAAACAAGATACTTAACCACTAA,MAPNLRKSHPLLKTINNSLIDLPTPSNISAWWNFGSLLGICLATQILTGLLLAAHYTADTTLAFSSVAHTCRNVQYGWLIRNLHANGASFFFICIYLHIGRGLYYGSYLYKETWNTGIILLLTLMATAFVGYVLPWGQMSFWGATVITNLFSAIPYIGQTLVEWAWGGFSVDNPTLTRFFTLHFLLPFMIAGLTLIHLTFLHESGSNNPLGIVANSDKIPFHPYYSTKDILGFILLLLPLTALALFSPNLLGDPENFTPANPLVTPPHIKPEWYFLFAYAILRSIPNKLGGVLALAASVLILFLIPLLHKSKQRTMTFRPLSQLLFWTLVANLTILTWIGSQPVEHPFIIIGQLASLTYFTILLILFPLIGTLENKMLNH
Eudyptes sclateri,4.25,42475.5753,0.5083114610673666,ATGGCCCCCAACCTCCGAAAATCCCACCCCCTCCTAAAAACAATCAATAACTCCCTAATCGACCTACCCACCCCATCAAACATCTCTGCCTGATGAAACTTCGGATCTCTCCTGGGCATCTGCCTAGCCACACAAATCCTAACCGGCCTCTTACTGGCCGCCCACTACACCGCAGACACCACCCTAGCCTTCTCCTCCGTCGCCCATACATGCCGAAACGTACAATACGGCTGATTAATCCGCAATCTACACGCAAACGGGGCCTCATTCTTCTTCATCTGCATCTACCTCCACATCGGTCGCGGCCTCTACTACGGCTCCTACCTGTACAAAGAAACCTGAAATACAGGCATTATCCTCCTGCTCACCCTCATAGCAACCGCCTTCGTAGGCTATGTCCTACCATGGGGCCAAATATCCTTCTGAGGAGCCACAGTCATCACCAACCTATTCTCAGCCATCCCCTACATCGGCCAAACCCTCGTAGAATGGGCCTGAGGTGGCTTCTCAGTAGACAATCCCACACTAACCCGATTCTTCACACTACACTTCCTTCTCCCCTTCATAATCGCAGGCCTCACCCTAATCCACCTCACCTTTCTCCACGAATCAGGCTCAAACAACCCACTAGGCATCGTAGCCAACTCCGACAAAATCCCATTCCACCCCTACTACTCCACAAAAGACATCCTAGGATTTATCCTCCTACTCCTTCCACTAACAACCCTCGCCTTATTCTCACCCAACTTGCTAGGGGACCCAGAAAACTTCACCCCAGCAAACCCCCTAGTCACACCCCCACATATCAAACCAGAATGATACTTCCTATTTGCATACGCTATCCTACGCTCAATCCCCAACAAGCTAGGAGGAGTCCTAGCCCTAGCAGCATCAGTACTAATCCTATTCCTAATCCCCCTCCTCCACAAATCCAAGCAACGTACAATAACCTTCCGTCCCCTCTCCCAACTTCTATTCTGAACCTTAGTGGCCAACCTCACCATCCTAACATGAATCGGTAGCCAACCAGTAGAACACCCCTTCATCATCATCGGCCAACTAGCCTCCCTCACCTACTTCACCATCCTCCTAATCCTCTTCCCCCTCATCGGGACCCTAGAAAACAAGATACTTAACCACTAA,MAPNLRKSHPLLKTINNSLIDLPTPSNISAWWNFGSLLGICLATQILTGLLLAAHYTADTTLAFSSVAHTCRNVQYGWLIRNLHANGASFFFICIYLHIGRGLYYGSYLYKETWNTGIILLLTLMATAFVGYVLPWGQMSFWGATVITNLFSAIPYIGQTLVEWAWGGFSVDNPTLTRFFTLHFLLPFMIAGLTLIHLTFLHESGSNNPLGIVANSDKIPFHPYYSTKDILGFILLLLPLTTLALFSPNLLGDPENFTPANPLVTPPHIKPEWYFLFAYAILRSIPNKLGGVLALAASVLILFLIPLLHKSKQRTMTFRPLSQLLFWTLVANLTILTWIGSQPVEHPFIIIGQLASLTYFTILLILFPLIGTLENKMLNH
Eudyptula minor,1.6,42491.64080000001,0.4925634295713036,ATGGCCCCCAACCTCCGAAAATCTCACCCCCTCCTAAAAATAATCAACAACTCTCTAATTGACCTGCCCACCCCATCAAACATTTCTACCTGATGAAACTTCGGATCACTCCTAGGCATTTGCCTGATCACACAAATCCTAACTGGCCTTCTACTAGCCGCCCATTATACTGCAGACACAACCCTAGCCTTCTCCTCCATCGCCCACACATGCCGGAACGTACAGTATGGCTGACTAATCCGCAACCTACACGCAAACGGAGCCTCATTCTTCTTTATCTGCATCTACCTCCACATCGGCCGCGGACTCTACTACGGCTCCTACCTATACAAAGAAACCTGAAACACAGGCATTATCCTCCTAATCACCCTCATAGCAACCGCCTTCGTAGGCTACGTCCTGCCATGAGGCCAAATATCCTTCTGAGGAGCCACAGTCATCACCAACCTATTCTCGGCCATCCCCTACATTGGCCAAACTCTTGTAGAATGAGCCTGAGGCGGCTTCTCAGTAGACAACCCTACACTAACCCGATTCTTCGCACTACACTTCCTCCTCCCATTCATAATTACAGGCCTCACCCTAATTCACCTCACCTTCCTCCACGAATCTGGCTCAAACAACCCACTAGGCATCGTAGCTAACTCCGACAAAATCCCATTCCACCCCTACTACTCCACGAAAGACATCCTAGGGTTCATTCTCTTACTCCTTCCACTTACCACCCTCGCCCTATTCTCACCCAACCTTCTAGGAGACCCAGAAAACTTTACCCCAGCAAACCCTCTAGTCACACCCCCACACATCAAACCAGAATGATACTTCCTATTTGCCTACGCTATTCTACGATCAATTCCCAATAAACTAGGAGGAGTCCTAGCCCTAGCAGCATCCGTACTAATCCTATTCCTAATTCCCCTTCTCCACAAATCCAAACAACGCTCAATAGCCTTCCGTCCCCTCTCCCAACTCCTATTCTGAACCCTAGTAGCCAACCTTACCATCCTAACATGAGTGGGCAACCAACCAGTAGAACACCCCTTCATCATCATCGGCCAACTAGCCTCCCTCACCTATTTCACCATTCTCCTAATCCTCTTCCCCCTCGCCGGGACCCTAGAAAACAAAATACTCAGCCACTAA,MAPNLRKSHPLLKMINNSLIDLPTPSNISTWWNFGSLLGICLITQILTGLLLAAHYTADTTLAFSSIAHTCRNVQYGWLIRNLHANGASFFFICIYLHIGRGLYYGSYLYKETWNTGIILLITLMATAFVGYVLPWGQMSFWGATVITNLFSAIPYIGQTLVEWAWGGFSVDNPTLTRFFALHFLLPFMITGLTLIHLTFLHESGSNNPLGIVANSDKIPFHPYYSTKDILGFILLLLPLTTLALFSPNLLGDPENFTPANPLVTPPHIKPEWYFLFAYAILRSIPNKLGGVLALAASVLILFLIPLLHKSKQRSMAFRPLSQLLFWTLVANLTILTWVGNQPVEHPFIIIGQLASLTYFTILLILFPLAGTLENKMLSH
Pygoscelis adeliae,4.6,42458.61400000001,0.49081364829396323,ATGGCCCCCAACCTCCGAAAATCCCACCCTCTCCTAAAAATAATTAACAACTCCCTAATTGACCTACCCACCCCATCAAACATCTCTGCCTGATGAAACTTCGGATCCCTCCTAGGCATTTGCCTGACTACACAAATCCTGACCGGCCTCCTACTAGCCATGCACTACACTGCAGACACAACTCTAGCCTTCTCTTCCATCGCCCACACATGCCGAGATGTACAATATGGCTGACTAATCCGCAACCTCCATGCAAACGGAGCCTCATTCTTCTTCATCTGCATCTACCTCCATATTGGCCGCGGACTCTACTACGGCTCATACCTATACAAAGAAACTTGAAACACAGGCATCATCCTCCTACTTACCCTCATAGCAACTGCTTTTGTAGGCTATGTTTTACCATGAGGACAAATGTCCTTCTGAGGAGCCACTGTCATCACCAACCTATTCTCGGCTATCCCATATATTGGTCAAACCCTCGTAGAATGGGCCTGAGGCGGCTTCTCAGTGGACAACCCCACACTAACCCGATTCTTCGCACTACACTTCCTCCTCCCCTTCGTAATCATAGGCCTCACCCTCATCCACCTTACCTTCCTCCACGAATCAGGCTCAAACAACCCACTAGGCATCGTAGCCAACTCCGACAAAATTCCATTCCACCCCTACTACTCCACAAAAGATATCTTAGGGTTCGCATTCATACTCCTTCCATTAACAACCCTCGCCCTATTTTCACCCAACCTACTAGGTGACCCAGAAAACTTCACCCCAGCAAACCCACTAGTCACACCCCCACATATCAAACCAGAATGATACTTCCTATTCGCATATGCTATCCTACGCTCGATCCCCAACAAACTGGGAGGTGTCCTAGCCTTAGCAGCATCCGTACTAATCCTATTCCTAATCCCCCTCCTCCACAAGTCTAAACAGCGCACAATAGCCTTCCGTCCCCTCTCCCAACTCCTATTCTGAGCCCTAGTAGCCAACCTTGCCATCCTAACATGGGTAGGTAGCCAACCAGTAGAACACCCCTTCATTATCATCGGCCAATTAGCTTCCCTCACCTACTTCACCATCCTCCTGATCCTCTTCCCCTCCATCGGGGCCCTAGAAAACAAAATACTCAACCACTAA,MAPNLRKSHPLLKMINNSLIDLPTPSNISAWWNFGSLLGICLTTQILTGLLLAMHYTADTTLAFSSIAHTCRDVQYGWLIRNLHANGASFFFICIYLHIGRGLYYGSYLYKETWNTGIILLLTLMATAFVGYVLPWGQMSFWGATVITNLFSAIPYIGQTLVEWAWGGFSVDNPTLTRFFALHFLLPFVIMGLTLIHLTFLHESGSNNPLGIVANSDKIPFHPYYSTKDILGFAFMLLPLTTLALFSPNLLGDPENFTPANPLVTPPHIKPEWYFLFAYAILRSIPNKLGGVLALAASVLILFLIPLLHKSKQRTMAFRPLSQLLFWALVANLAILTWVGSQPVEHPFIIIGQLASLTYFTILLILFPSIGALENKMLNH
Pygoscelis antarctica,4.1,42404.54230000001,0.4768153980752406,ATGGCCCCCAACCTCCGAAAATCCCACCCTCTCCTAAAAATAATCAACAACTCCCTAATTGACCTACCCACCCCATCAAACATCTCTGCCTGATGAAACTTCGGATCCCTCTTAGGCATTTGCCTAACTACACAGATCCTGACCGGCCTCCTACTAGCCATACACTACACTGCAGACACAACCCTAGCCTTCTCCTCCATCGCCCATACATGCCGAGACGTACAATACGGCTGACTAATCCGAAACATACATGCAAACGGAGCATCATTGTTGTTCATCTGCATTTACTTACATATCGGACGAGGAGTGTATGACGGCTCCTACCTCCACAAAGAAACCTGAAACACAGGAGTCATCCTCCTACTAACCCTCATAGCAACTGCTTTCGTAGGCTATGTACTACCATGAGGACAAATATCCTTCTGAGGGGCCACTGTTATCACCAACTTATTCTCAGCCATCCCCTACATTGGTCAAACCATCGTAGAGTGAGCCTGAGGCGGCTTCTCAGTAGACAACCCCACATTAACCCGATTCTTCGCACTACACTTTCTTCTCCCCTTCATAATCACAGGCCTTACTCTCATCCACCTTACCTTCCTCCACGAATCAGGTTCAAACAACCCACTAGGTATTGTAGCCAACTCCGACAAAATCCCGTTCCACCCCTACTACTCCACAAAAGACATCCTGGGGTTCACACTCATACTCCTCCCACTAACAACCCTCGCCTTATTTTCACCCAACCTGCTGGGGGACCCAGAAAACTTTACTCCAGCAAACCCACTAGTCACACCTCCCCACATCAAACCAGAATGATATTTCCTATTCGCCTACGCCATCCTACGCTCAATTCCCAATAAACTAGGAGGAGTACTAGCCCTAGCCGCCTCCGTATTAGTTCTATTCTTAAGCCCCCTTCTCCACAAATCCAAACAACGCACAATAGCCTTCCGCCCACTCTCTCAACTCCTATTCTGAACCTTAGTCGCCAATCTACTCATCCTGACATGAATCGGCAGCCAACCAGTAGAACACCCATTCATCATCATTGGTCAACTAGCCTCCACCACCTACTTTATCATCCTCCTAATCCTCTTCCCCATTACCAGTGCCCTAGAAAACAAAATACTAAACTTCTAG,MAPNLRKSHPLLKMINNSLIDLPTPSNISAWWNFGSLLGICLTTQILTGLLLAMHYTADTTLAFSSIAHTCRDVQYGWLIRNMHANGASLLFICIYLHIGRGVYDGSYLHKETWNTGVILLLTLMATAFVGYVLPWGQMSFWGATVITNLFSAIPYIGQTIVEWAWGGFSVDNPTLTRFFALHFLLPFMITGLTLIHLTFLHESGSNNPLGIVANSDKIPFHPYYSTKDILGFTLMLLPLTTLALFSPNLLGDPENFTPANPLVTPPHIKPEWYFLFAYAILRSIPNKLGGVLALAASVLVLFLSPLLHKSKQRTMAFRPLSQLLFWTLVANLLILTWIGSQPVEHPFIIIGQLASTTYFIILLILFPITSALENKMLNF
Pygoscelis papua,6.1,42595.87590000001,0.47069116360454943,ATGGCCCCCAACCTTCGAAAATCCCACCCTCTCCTAAAAATAATCAACAAATCCCTAATTGACCTACCCACCCCACCAAACATCTCTGCCTGATGAAACTTCGGATCTCTCCTAGGCATTTGCCTAATCACACAGATCCTAACTGGCCTCCTACTAGCCATACACTACACCGCAGACACAACCTTAGCCTTCTCCTCCATCGCCCACACATGCCGAAACGTACAATACGGCTGACTAATCCGCAACCTCCATGCAAACGGAGCCTCATTCTTCTTTATCTGCATCTACTTCCACATCGGCCGCGGGCTCTACTATGGCTCATACCTATACAAAGAAACCTGAAACACAGGCATCATCCTCCTACTTACCCTTATAGCAACTGCTTTCGTAGGCTATGTTCTACCATGAGGACAAATATCCTTCTGAGGGGCCACTGTTATCACCAACTTATTCTCAGCCATCCCTTACGTCGGCCAAACCCTCGTAGAATGAGCCTGAGGTGGTTTCTCAGTAGACAACCCCACATTAACCCGATTCTTTGCACTACACTTTCTTCTTCCCTTCATAATCACAGGCCTCACTCTCATCCACCTTACCTTCCTCCACGAATCAGGTTCAAACAACCCACTGGGCATTGTAGCCAACTCTGACAAAATCCCATTTCACCCATACTACTCCACAAAAGACATCCTAGGGTTCGCACTCATACTCCTTCCACTAACAACCCTCGCCTTATTTTCACCCAACTTACTAGGGGACCCAGAAAACTTTACCCCAGCAAACCCACTAGTCACACCCCCTCACATCAAACCAGAGTGATATTTCCTATTTGCATACGCCATCCTACGCTCAATTCCCAATAAACTAGGAGGAGTACTAGCCCTAGCCGCCTCCGTATTAATTCTATTCTTAAGCCCCCTTCTCCACAAATCCAAACAACGCACAATAGCCTTCCGCCCACTCTCTCAACTCCTATTCTGAACCTTAGTCGCCAATCTACTCATCCTGACATGAATCGGCAGCCAACCAGTAGAACACCCATTCATCATCATTGGTCAACTAGCCTCCACCACCTACTTTATCATCCTCCTAATCCTCTTCCCCATTACCAGTGCCCTAGAAAACAAAATACTAAACTTCTAG,MAPNLRKSHPLLKMINKSLIDLPTPPNISAWWNFGSLLGICLITQILTGLLLAMHYTADTTLAFSSIAHTCRNVQYGWLIRNLHANGASFFFICIYFHIGRGLYYGSYLYKETWNTGIILLLTLMATAFVGYVLPWGQMSFWGATVITNLFSAIPYVGQTLVEWAWGGFSVDNPTLTRFFALHFLLPFMITGLTLIHLTFLHESGSNNPLGIVANSDKIPFHPYYSTKDILGFALMLLPLTTLALFSPNLLGDPENFTPANPLVTPPHIKPEWYFLFAYAILRSIPNKLGGVLALAASVLILFLSPLLHKSKQRTMAFRPLSQLLFWTLVANLLILTWIGSQPVEHPFIIIGQLASTTYFIILLILFPITSALENKMLNF
Spheniscus demersus,3.2,42431.54900000002,0.48293963254593175,ATGGCCCCCAACCTCCGAAAATCCCACCCTCTCCTAAAAACAATCAACAACTCCCTAATCGACCTACCCACCCCATCAAACATTTCCGCCTGATGAAACTTTGGATCTCTCCTAGGCATCTGCTTAGCTACACAAATCCTAACTGGCCTCCTACTAGCTGCCCACTATACTGCAGACACAACCCTAGCCTTCTCATCTGTCGCCCACATATGCCGAAACGTACAATACGGCTGACTAATCCGCAACTTACACGCAAACGGAGCCTCATTCTTCTTTATCTGTATCTACCTGCATATCGGCCGCGGACTCTACTACGGCTCCTACCTATACAAAGAAACCTGAAACACAGGCATCATCCTCCTACTTACCCTCATAGCAACCGCCTTCGTAGGCTACGTCCTACCATGAGGCCAGATATCCTTTTGAGGAGCTACAGTCATTACTAACCTATTCTCAGCTATCCCTTACATTGGCCAAACTCTCGTAGAATGAGCTTGAGGCGGCTTCTCAGTAGACAACCCCACCCTAACCCGATTCTTCGCACTACACTTCCTTCTCCCCTTCATAATCACAGGCCTCACCCTCATCCACCTCACCTTCCTCCACGAATCAGGCTCAAACAATCCACTAGGTATCGTAGCCAACTCCGACAAAATCCCATTCCACCCCTACTACTCCACAAAAGATATTCTAGGATTTATACTCCTACTCCTTCCACTAACAACCTTAGCCCTATTCTCACCCAACCTATTAGGAGACCCAGAAAACTTCACCCCAGCAAACCCCCTAGTCACACCCCCACACATTAAACCAGAATGATACTTCCTATTTGCCTACGCCATCCTACGCTCAATCCCCAACAAACTAGGAGGAGTACTAGCCCTAGCAGCATCCGTACTAATCCTATTCCTAATACCCCTCCTCCACAAATCTAAACAGCGCACAATAGCCTTCCGTCCACTCTCCCAACTCCTGTTCTGAACCCTAGTAGCCAACCTCATTATCCTAACGTGAATTGGCAGCCAACCAGTAGAACATCCCTTCATTGCCATCGGCCAATTAGCCTCCTTCACCTACTTCACCACCCTCCTAATTCTCTTTCCCCTTGCCGGAGCCCTAGAAAACAAAATACTCAATCACTAA,MAPNLRKSHPLLKTINNSLIDLPTPSNISAWWNFGSLLGICLATQILTGLLLAAHYTADTTLAFSSVAHMCRNVQYGWLIRNLHANGASFFFICIYLHIGRGLYYGSYLYKETWNTGIILLLTLMATAFVGYVLPWGQMSFWGATVITNLFSAIPYIGQTLVEWAWGGFSVDNPTLTRFFALHFLLPFMITGLTLIHLTFLHESGSNNPLGIVANSDKIPFHPYYSTKDILGFMLLLLPLTTLALFSPNLLGDPENFTPANPLVTPPHIKPEWYFLFAYAILRSIPNKLGGVLALAASVLILFLMPLLHKSKQRTMAFRPLSQLLFWTLVANLIILTWIGSQPVEHPFIAIGQLASFTYFTTLLILFPLAGALENKMLNH
Spheniscus humboldti,4.75,42399.55200000001,0.4925634295713036,ATGGCCCCCAACCTCCGAAAATCCCACCCTCTCCTAAAAACAATCAACAACTCCCTAATCGACCTGCCCACCCCATCAAACATTTCCGCCTGATGAAACTTTGGATCTCTCCTAAGCATCTGCCTAGCCACACAAATCCTAACTGGCCTCCTACTAGCCGCCCACTATACTGCAGACACAACCCTAGCCTTCTCATCCGTCGCCCACATATGCCGAAACGTACAATACGGCTGACTAATCCGCAACTTACACGCAAACGGAGCCTCATTCTTCTTTATCTGTATCTACCTACATATCGGCCGCGGACTCTACTACGGCTCCTACCTACACAAAGAAACCTGAAACACAGGCATCATCCTCCTACTTACCCTCATAGCAACCGCCTTCGTAGGCTACGTCCTACCATGAGGCCAGATATCCTTCTGAGGAGCCACAGTCATTACTAACCTATTCTCAGCTATCCCTTACATCGGTCAAACTCTCGTAGAATGAGCCTGAGGCGGCTTCTCAGTAGACAACCCCACCCTGACCCGATTCTTCGCACTACACTTCCTTCTCCCCTTCATAATCACAGGCCTCGCCCTCATCCACCTCACCTTCCTCCACGAATCAGGCTCAAACAATCCACTAGGTATCGTAGCCAACTCCGACAAAATCCCATTCCACCCCTACTACTCCACAAAAGATATTCTAGGATTTATACTCCTACTCCTTCCACTAACAACCCTAGCCCTATTCTCACCCAACCTATTAGGAGACCCAGAAAACTTCACCCCAGCAAACCCCCTAGTCACACCCCCACACATTAAACCAGAATGATACTTCCTATTTGCCTACGCTATCCTACGCTCAATCCCCAACAAACTAGGGGGAGTCCTAGCCCTAGCAGCATCCGTACTAATCCTATTCCTAATACCCCTCCTCCACAAATCTAAACAGCGCACAATAGCCTTCCGTCCACTCTCCCAACTCCTATTCTGAACCCTAGTAGCCAACCTCATTATCCTAACGTGAGTCGGCAGCCAACCAGTAGAACATCCCTTCATTATCATCGGCCAATTAGCCTCCCTCACCTACTTCACCACCCTCCTAATTCTCTTTCCCCTTGCCGGAGCCCTAGAAAACAAAATACTCAATCACTAA,MAPNLRKSHPLLKTINNSLIDLPTPSNISAWWNFGSLLSICLATQILTGLLLAAHYTADTTLAFSSVAHMCRNVQYGWLIRNLHANGASFFFICIYLHIGRGLYYGSYLHKETWNTGIILLLTLMATAFVGYVLPWGQMSFWGATVITNLFSAIPYIGQTLVEWAWGGFSVDNPTLTRFFALHFLLPFMITGLALIHLTFLHESGSNNPLGIVANSDKIPFHPYYSTKDILGFMLLLLPLTTLALFSPNLLGDPENFTPANPLVTPPHIKPEWYFLFAYAILRSIPNKLGGVLALAASVLILFLMPLLHKSKQRTMAFRPLSQLLFWTLVANLIILTWVGSQPVEHPFIIIGQLASLTYFTTLLILFPLAGALENKMLNH
Spheniscus magellanicus,3.4,42459.60210000002,0.4820647419072616,ATGGCCCCCAACCTCCGAAAATCCCACCCTCTCCTAAAAACAATCAACAACTCCCTAATCGACCTGCCCACCCCATCAAACATTTCCGCCTGATGAAACTTTGGATCTCTCCTAGGCATCTGCTTAGCCACACAAATCCTAACTGGCCTCCTACTAGCTGCCCACTATACTGCAGACACAACCCTAGCCTTCTCATCCGTCGCCCACATATGCCGAAACGTACAATACGGCTGACTAATCCGCAACTTACATGCAAACGGAGCCTCATTCTTCTTTATCTGTATCTACCTGCATATCGGCCGCGGACTCTACTACGGCTCCTACCTATACAAAGAAACCTGAAACACAGGCATCATCCTCCTACTTACCCTCATAGCAACCGCCTTCGTAGGCTACGTCCTACCATGAGGCCAGATATCCTTTTGAGGAGCCACAGTCATTACTAACCTATTCTCAGCTATCCCTTACATTGGCCAAACTCTCGTAGAATGAGCTTGAGGCGGCTTCTCAGTAGACAACCCCACTCTAACTCGATTCTTCGCACTACACTTCCTTCTCCCCTTCATAATCACAGGCCTCACCCTCATCCACCTCACCTTCCTCCACGAATCAGGCTCAAACAATCCACTAGGTATCGTAGCCAACTCCGACAAAATCCCATTCCACCCCTACTACTCCACAAAAGATATTCTAGGATTTATACTCCTACTCCTTCCACTAACAACCTTAGCCCTATTCTCACCCAACCTATTAGGAGACCCAGAAAACTTCACCCCAGCAAACCCCCTAGTCACACCCCCACACATTAAACCAGAATGATACTTCCTATTTGCCTACGCCATCCTACGCTCAATCCCCAACAAACTAGGAGGAGTCCTAGCCCTAGCAGCATCCGTACTAATCCTATTCCTAATACCCCTCCTCCACAAATCTAAACAGCGCACAATAGCCTTCCGTCCACTCTCCCAACTCCTATTCTGAACCCTAGTAGCCAACCTCATTATCCTAACGTGAGTTGGCAGCCAACCAGTAGAACATCCCTTCATTATCATCGGTCAATTAGCCTCCTTCACCTACTTCACCACCCTCCTAATTCTCTTTCCCCTTGCCGGAGCCCTAGAAAACAAAATACTCAATCACTAA,MAPNLRKSHPLLKTINNSLIDLPTPSNISAWWNFGSLLGICLATQILTGLLLAAHYTADTTLAFSSVAHMCRNVQYGWLIRNLHANGASFFFICIYLHIGRGLYYGSYLYKETWNTGIILLLTLMATAFVGYVLPWGQMSFWGATVITNLFSAIPYIGQTLVEWAWGGFSVDNPTLTRFFALHFLLPFMITGLTLIHLTFLHESGSNNPLGIVANSDKIPFHPYYSTKDILGFMLLLLPLTTLALFSPNLLGDPENFTPANPLVTPPHIKPEWYFLFAYAILRSIPNKLGGVLALAASVLILFLMPLLHKSKQRTMAFRPLSQLLFWTLVANLIILTWVGSQPVEHPFIIIGQLASFTYFTTLLILFPLAGALENKMLNH
